genome_id,category,count
GCF_000062885.1,contigs,1
GCF_000194155.1,contigs,22
GCF_002564065.1,contigs,1
GCF_002846475.1,contigs,1
GCF_003635025.1,contigs,2
GCF_003931915.1,contigs,35
GCF_007829955.1,contigs,8
GCF_008630535.1,contigs,46
GCF_012277335.1,contigs,1
GCF_013410345.1,contigs,1
GCF_014203325.1,contigs,1
GCF_014203395.1,contigs,6
GCF_014490055.1,contigs,1
GCF_014697215.1,contigs,3
GCF_016526145.1,contigs,34
GCF_016859185.1,contigs,1
GCF_018070075.1,contigs,34
GCF_018141105.1,contigs,1
GCF_022392385.1,contigs,2
GCF_022828475.1,contigs,1
GCF_024734405.1,contigs,1
GCF_025643595.1,contigs,1
GCF_900108315.1,contigs,27
GCF_900112555.1,contigs,28
GCF_900114905.1,contigs,43
GCF_900116135.1,contigs,22
